,id,type,n_likes,n_comments
0,1,Sidecar,32070.0,142.0
1,2,Sidecar,6565.0,86.0
2,3,Sidecar,28936.0,123.0
3,4,Sidecar,4764.0,215.0
4,5,Sidecar,13379.0,123.0
5,6,Sidecar,2690.0,85.0
6,7,Sidecar,30237.0,112.0
7,8,Sidecar,978.0,53.0
8,9,Sidecar,32123.0,172.0
9,10,Sidecar,2277.0,51.0
10,11,Sidecar,27133.0,144.0
11,12,Sidecar,725.0,30.0
12,13,Sidecar,1618.0,37.0
13,14,Sidecar,1271.0,47.0
14,15,Sidecar,31144.0,163.0
15,16,Sidecar,2364.0,71.0
16,17,Sidecar,1042.0,26.0
17,18,Sidecar,4162.0,234.0
18,19,Sidecar,1396.0,44.0
19,20,Sidecar,1804.0,47.0
20,21,Sidecar,360447.0,2720.0
21,22,Sidecar,420347.0,2504.0
22,23,Sidecar,634005.0,2259.0
23,24,Sidecar,1343038.0,16342.0
24,25,Sidecar,641945.0,5461.0
25,26,Sidecar,115366.0,1446.0
26,27,Sidecar,206.0,21.0
27,28,Sidecar,209.0,10.0
28,29,Sidecar,171.0,6.0
29,30,Sidecar,122.0,13.0
30,31,Sidecar,101.0,11.0
31,32,Sidecar,124.0,9.0
32,33,Sidecar,174.0,9.0
33,34,Sidecar,126.0,3.0
34,35,Sidecar,146.0,13.0
35,36,Sidecar,102.0,7.0
36,37,Sidecar,135.0,10.0
37,38,Sidecar,132.0,7.0
38,39,Sidecar,362493.0,4089.0
39,40,Sidecar,1349.0,42.0
40,41,Sidecar,25002.0,809.0
41,42,Sidecar,35122.0,137.0
42,43,Sidecar,52006.0,282.0
43,44,Sidecar,101242.0,284.0
44,45,Sidecar,158048.0,744.0
45,46,Sidecar,11234.0,47.0
46,47,Sidecar,12719.0,284.0
47,48,Sidecar,19844.0,213.0
48,49,Sidecar,125312.0,421.0
49,50,Sidecar,270901.0,823.0
50,51,Sidecar,137836.0,733.0
51,52,Sidecar,356527.0,652.0
52,53,Sidecar,338678.0,981.0
53,54,Sidecar,1308.0,385.0
54,55,Sidecar,1009.0,255.0
55,56,Sidecar,118.0,4.0
56,57,Sidecar,11328.0,66.0
57,58,Sidecar,4864.0,25.0
58,59,Sidecar,648.0,9.0
59,60,Sidecar,479.0,7.0
60,61,Sidecar,350.0,9.0
61,62,Sidecar,2306.0,63.0
62,63,Sidecar,1135.0,108.0
63,64,Sidecar,427.0,13.0
64,65,Sidecar,1802.0,25.0
65,66,Sidecar,899.0,47.0
66,67,Sidecar,3462.0,79.0
67,68,Sidecar,1897.0,44.0
68,69,Sidecar,891.0,20.0
69,70,Sidecar,1821.0,93.0
70,71,Sidecar,1390.0,54.0
71,72,Sidecar,359437.0,4552.0
72,73,Sidecar,78977.0,538.0
73,74,Sidecar,109884.0,1542.0
74,75,Sidecar,59519.0,642.0
75,76,Sidecar,60932.0,274.0
76,77,Sidecar,537505.0,4704.0
77,78,Sidecar,1637385.0,14271.0
78,79,Sidecar,1158317.0,10326.0
79,80,Sidecar,1559091.0,20397.0
80,81,Sidecar,130.0,1.0
81,82,Sidecar,10087.0,62.0
82,83,Sidecar,184.0,8.0
83,84,Sidecar,3913.0,16.0
84,85,Sidecar,206.0,10.0
85,86,Sidecar,149.0,6.0
86,87,Sidecar,86.0,10.0
87,88,Sidecar,14227.0,64.0
88,89,Sidecar,171.0,11.0
89,90,Sidecar,13126.0,87.0
90,91,Sidecar,5421.0,33.0
91,92,Sidecar,1561.0,72.0
92,93,Sidecar,1528.0,404.0
93,94,Sidecar,180.0,15.0
94,95,Sidecar,245.0,13.0
95,96,Sidecar,273.0,27.0
96,97,Sidecar,304.0,14.0
97,98,Sidecar,191.0,10.0
98,99,Sidecar,155.0,17.0
99,100,Sidecar,2138.0,5.0
100,101,Sidecar,5328.0,35.0
101,102,Sidecar,4396.0,57.0
102,103,Sidecar,6738.0,50.0
103,104,Sidecar,7303.0,52.0
104,105,Sidecar,1671.0,47.0
105,106,Sidecar,843218.0,2824.0
106,107,Sidecar,315080.0,1113.0
107,108,Sidecar,2172992.0,15515.0
108,109,Sidecar,167978.0,755.0
109,110,Sidecar,326340.0,574.0
110,111,Sidecar,26650.0,121.0
111,112,Sidecar,145856.0,779.0
112,113,Sidecar,343186.0,1043.0
113,114,Sidecar,734590.0,5619.0
114,115,Sidecar,9.0,0.0
115,116,Sidecar,11.0,0.0
116,117,Sidecar,391654.0,1040.0
117,118,Sidecar,14.0,0.0
118,119,Sidecar,23.0,0.0
119,120,Sidecar,20.0,0.0
120,121,Sidecar,136.0,0.0
121,122,Sidecar,26865.0,116.0
122,123,Sidecar,18.0,0.0
123,124,Sidecar,33785.0,125.0
124,125,Sidecar,23692.0,126.0
125,126,Sidecar,25201.0,178.0
126,127,Sidecar,19.0,0.0
127,128,Sidecar,16.0,0.0
128,129,Sidecar,12547.0,110.0
129,130,Sidecar,11389.0,73.0
130,131,Sidecar,18668.0,70.0
131,132,Sidecar,1534.0,627.0
132,133,Sidecar,929.0,188.0
133,134,Sidecar,4712.0,12.0
134,135,Sidecar,5275.0,20.0
135,136,Sidecar,21899.0,95.0
136,137,Sidecar,20329.0,152.0
137,138,Sidecar,22917.0,158.0
138,139,Sidecar,32.0,0.0
139,140,Sidecar,21800.0,51.0
140,141,Sidecar,50.0,0.0
141,142,Sidecar,127390.0,228.0
142,143,Sidecar,15.0,0.0
143,144,Sidecar,215348.0,361.0
144,145,Sidecar,257176.0,347.0
145,146,Sidecar,194121.0,322.0
146,147,Sidecar,108797.0,121.0
147,148,Sidecar,16.0,0.0
148,149,Sidecar,32.0,0.0
149,150,Sidecar,166233.0,259.0
150,151,Sidecar,21.0,0.0
151,152,Sidecar,143533.0,893.0
152,153,Sidecar,258038.0,317.0
153,154,Sidecar,90261.0,176.0
154,155,Sidecar,233749.0,274.0
155,156,Sidecar,173091.0,212.0
156,157,Sidecar,35064.0,434.0
157,158,Sidecar,2022.0,9.0
158,159,Sidecar,8149.0,52.0
159,160,Sidecar,1934.0,16.0
160,161,Sidecar,9215.0,46.0
161,162,Sidecar,25.0,0.0
162,163,Sidecar,8080.0,28.0
163,164,Sidecar,321404.0,2097.0
164,165,Sidecar,1519.0,18.0
165,166,Sidecar,38828.0,289.0
166,167,Sidecar,525948.0,1076.0
167,168,Sidecar,308225.0,1102.0
168,169,Sidecar,3679.0,20.0
169,170,Sidecar,591890.0,1773.0
170,171,Sidecar,549570.0,981.0
171,172,Sidecar,536808.0,719.0
172,173,Sidecar,829312.0,2649.0
173,174,Sidecar,527074.0,1135.0
174,175,Sidecar,286834.0,1245.0
175,176,Sidecar,149507.0,483.0
176,177,Sidecar,297685.0,330.0
177,178,Sidecar,251628.0,301.0
178,179,Sidecar,212867.0,166.0
179,180,Sidecar,176203.0,191.0
180,181,Sidecar,153086.0,200.0
181,182,Sidecar,132721.0,182.0
182,183,Sidecar,156183.0,167.0
183,184,Sidecar,180890.0,146.0
184,185,Sidecar,143575.0,167.0
185,186,Sidecar,30679.0,131.0
186,187,Sidecar,42221.0,320.0
187,188,Sidecar,169137.0,209.0
188,189,Sidecar,18078.0,94.0
189,190,Sidecar,2551.0,65.0
190,191,Sidecar,3260.0,96.0
191,192,Sidecar,3187.0,65.0
192,193,Sidecar,2103.0,73.0
193,194,Sidecar,2031.0,55.0
194,195,Sidecar,164197.0,763.0
195,196,Sidecar,1628.0,44.0
196,197,Sidecar,924.0,36.0
197,198,Sidecar,2687.0,49.0
198,199,Sidecar,1466.0,68.0
199,200,Sidecar,1695.0,70.0
200,201,Sidecar,1429.0,45.0
201,202,Sidecar,1133.0,38.0
202,203,Sidecar,107220.0,374.0
203,204,Sidecar,133411.0,527.0
204,205,Sidecar,185861.0,270.0
205,206,Sidecar,162482.0,565.0
206,207,Sidecar,147298.0,142.0
207,208,Sidecar,245634.0,348.0
208,209,Sidecar,186887.0,170.0
209,210,Sidecar,155715.0,210.0
210,211,Sidecar,113716.0,126.0
211,212,Sidecar,16645.0,76.0
212,213,Sidecar,220198.0,228.0
213,214,Sidecar,153650.0,197.0
214,215,Sidecar,15.0,0.0
215,216,Sidecar,9945.0,48.0
216,217,Sidecar,170642.0,284.0
217,218,Sidecar,5466.0,19.0
218,219,Sidecar,177435.0,223.0
219,220,Sidecar,102316.0,139.0
220,221,Sidecar,540617.0,1027.0
221,222,Sidecar,121543.0,182.0
222,223,Sidecar,336161.0,1411.0
223,224,Sidecar,375086.0,1107.0
224,225,Sidecar,326527.0,1161.0
225,226,Sidecar,249830.0,935.0
226,227,Sidecar,269901.0,1133.0
227,228,Sidecar,80.0,1.0
228,229,Sidecar,325.0,4.0
229,230,Sidecar,442878.0,553.0
230,231,Sidecar,571.0,19.0
231,232,Sidecar,63975.0,241.0
232,233,Sidecar,45335.0,189.0
233,234,Sidecar,88711.0,339.0
234,235,Sidecar,43816.0,165.0
235,236,Sidecar,96690.0,328.0
236,237,Sidecar,12272.0,115.0
237,238,Sidecar,1115.0,58.0
238,239,Sidecar,1841.0,7.0
239,240,Sidecar,549404.0,1779.0
240,241,Sidecar,340661.0,1649.0
241,242,Sidecar,536680.0,1973.0
242,243,Sidecar,345163.0,637.0
243,244,Sidecar,375308.0,451.0
244,245,Sidecar,591572.0,1078.0
245,246,Sidecar,204225.0,345.0
246,247,Sidecar,30174.0,361.0
247,248,Sidecar,122725.0,153.0
248,249,Sidecar,122226.0,157.0
249,250,Sidecar,124.0,6.0
250,251,Sidecar,605760.0,669.0
251,252,Sidecar,133.0,3.0
252,253,Sidecar,204707.0,575.0
253,254,Sidecar,100.0,7.0
254,255,Sidecar,91.0,8.0
255,256,Sidecar,475155.0,1355.0
256,257,Sidecar,118.0,14.0
257,258,Sidecar,98700.0,118.0
258,259,Sidecar,128.0,16.0
259,260,Sidecar,28715.0,192.0
260,261,Sidecar,157704.0,457.0
261,262,Sidecar,404896.0,2561.0
262,263,Sidecar,129897.0,224.0
263,264,Sidecar,181546.0,243.0
264,265,Sidecar,139328.0,213.0
265,266,Sidecar,783.0,266.0
266,267,Sidecar,169254.0,135.0
267,268,Sidecar,183318.0,224.0
268,269,Sidecar,4469.0,27.0
269,270,Sidecar,326587.0,920.0
270,271,Sidecar,271322.0,269.0
271,272,Sidecar,4651.0,36.0
272,273,Sidecar,1072.0,24.0
273,274,Sidecar,5791.0,15.0
274,275,Sidecar,1343.0,29.0
275,276,Sidecar,10868.0,50.0
276,277,Sidecar,160851.0,190.0
277,278,Sidecar,3176.0,11.0
278,279,Sidecar,2324.0,58.0
279,280,Sidecar,279149.0,335.0
280,281,Sidecar,2962.0,22.0
281,282,Sidecar,14430.0,140.0
282,283,Sidecar,177363.0,226.0
283,284,Sidecar,182871.0,260.0
284,285,Sidecar,239973.0,298.0
285,286,Sidecar,1261.0,33.0
286,287,Sidecar,5500.0,184.0
287,288,Sidecar,171051.0,195.0
288,289,Sidecar,594.0,18.0
289,290,Sidecar,142.0,5.0
290,291,Sidecar,211907.0,305.0
291,292,Sidecar,2266.0,33.0
292,293,Sidecar,1169.0,9.0
293,294,Sidecar,155667.0,300.0
294,295,Sidecar,188855.0,174.0
295,296,Sidecar,2388.0,74.0
296,297,Sidecar,2840.0,87.0
297,298,Sidecar,34028.0,345.0
298,299,Sidecar,144890.0,549.0
299,300,Sidecar,2093.0,51.0
300,301,Sidecar,133661.0,606.0
301,302,Sidecar,293319.0,962.0
302,303,Sidecar,65213.0,900.0
303,304,Sidecar,2099.0,46.0
304,305,Sidecar,1414.0,27.0
305,306,Sidecar,626797.0,2616.0
306,307,Sidecar,1535.0,117.0
307,308,Sidecar,2133.0,5.0
308,309,Sidecar,131412.0,500.0
309,310,Sidecar,2264.0,47.0
310,311,Sidecar,1339.0,28.0
311,312,Sidecar,2510.0,37.0
312,313,Sidecar,111731.0,351.0
313,314,Sidecar,168.0,18.0
314,315,Sidecar,109.0,23.0
315,316,Sidecar,60.0,8.0
316,317,Sidecar,153.0,9.0
317,318,Sidecar,37547.0,333.0
318,319,Sidecar,171734.0,271.0
319,320,Sidecar,301264.0,367.0
320,321,Sidecar,167.0,10.0
321,322,Sidecar,23991.0,199.0
322,323,Sidecar,557936.0,709.0
323,324,Sidecar,168094.0,198.0
324,325,Sidecar,251.0,21.0
325,326,Sidecar,131995.0,234.0
326,327,Sidecar,161164.0,234.0
327,328,Sidecar,151705.0,216.0
328,329,Sidecar,159580.0,219.0
329,330,Sidecar,112616.0,181.0
330,331,Sidecar,111842.0,209.0
331,332,Sidecar,945.0,25.0
332,333,Sidecar,1304.0,11.0
333,334,Sidecar,1364.0,24.0
334,335,Sidecar,256.0,2.0
335,336,Sidecar,1644.0,90.0
336,337,Sidecar,2058.0,89.0
337,338,Sidecar,7593.0,354.0
338,339,Sidecar,1679.0,90.0
339,340,Sidecar,10714.0,811.0
340,341,Sidecar,3331.0,98.0
341,342,Sidecar,142624.0,222.0
342,343,Sidecar,923.0,292.0
343,344,Sidecar,1373.0,59.0
344,345,Sidecar,67099.0,736.0
345,346,Sidecar,27969.0,299.0
346,347,Sidecar,2131.0,720.0
347,348,Sidecar,42531.0,450.0
348,349,Sidecar,133.0,3.0
349,350,Sidecar,177.0,17.0
350,351,Sidecar,135781.0,802.0
351,352,Sidecar,204.0,16.0
352,353,Sidecar,124.0,12.0
353,354,Sidecar,137771.0,825.0
354,355,Sidecar,164899.0,722.0
355,356,Sidecar,11390.0,87.0
356,357,Sidecar,12095.0,116.0
357,358,Sidecar,17128.0,99.0
358,359,Sidecar,14972.0,118.0
359,360,Sidecar,3989.0,46.0
360,361,Sidecar,7926.0,41.0
361,362,Sidecar,189846.0,999.0
362,363,Sidecar,1907.0,13.0
363,364,Sidecar,10132.0,86.0
364,365,Sidecar,4305.0,20.0
365,366,Sidecar,267365.0,361.0
366,367,Sidecar,3783.0,63.0
367,368,Sidecar,5435.0,36.0
368,369,Sidecar,2506.0,16.0
369,370,Sidecar,12005.0,88.0
370,371,Sidecar,1129550.0,2764.0
371,372,Sidecar,597770.0,783.0
372,373,Sidecar,363316.0,1298.0
373,374,Sidecar,452771.0,2843.0
374,375,Sidecar,872379.0,3908.0
375,376,Sidecar,257872.0,2313.0
376,377,Sidecar,4625.0,38.0
377,378,Sidecar,2144.0,15.0
378,379,Sidecar,431.0,8.0
379,380,Sidecar,412.0,14.0
380,381,Sidecar,281854.0,1022.0
381,382,Sidecar,551132.0,951.0
382,383,Sidecar,300214.0,1388.0
383,384,Sidecar,649366.0,1761.0
384,385,Sidecar,982.0,263.0
385,386,Sidecar,561506.0,1198.0
386,387,Sidecar,511298.0,592.0
387,388,Sidecar,564079.0,1742.0
388,389,Sidecar,242482.0,875.0
389,390,Sidecar,502956.0,514.0
390,391,Sidecar,19319.0,69.0
391,392,Sidecar,4949.0,23.0
392,393,Sidecar,1180.0,4.0
393,394,Sidecar,11531.0,58.0
394,395,Sidecar,2304.0,19.0
395,396,Sidecar,10713.0,18.0
396,397,Sidecar,656.0,10.0
397,398,Sidecar,827.0,11.0
398,399,Sidecar,2052.0,17.0
399,400,Sidecar,1399.0,9.0
400,401,Sidecar,10442955.0,0.0
401,402,Sidecar,2078.0,8.0
402,403,Sidecar,1750.0,70.0
403,404,Sidecar,5249532.0,0.0
404,405,Sidecar,7695019.0,9903.0
405,406,Sidecar,5444259.0,0.0
406,407,Sidecar,5692622.0,0.0
407,408,Sidecar,8662294.0,22296.0
408,409,Sidecar,1470.0,18.0
409,410,Sidecar,3427.0,28.0
410,411,Sidecar,1098.0,12.0
411,412,Sidecar,7231417.0,22119.0
412,413,Sidecar,6862603.0,0.0
413,414,Sidecar,6376238.0,0.0
414,415,Sidecar,7329144.0,0.0
415,416,Sidecar,3731.0,93.0
416,417,Sidecar,3424.0,37.0
417,418,Sidecar,5542877.0,0.0
418,419,Sidecar,7486.0,84.0
419,420,Sidecar,1760.0,86.0
420,421,Sidecar,2422.0,21.0
421,422,Sidecar,34.0,0.0
422,423,Sidecar,73.0,1.0
423,424,Sidecar,5963203.0,0.0
424,425,Sidecar,23012.0,310.0
425,426,Sidecar,16.0,0.0
426,427,Sidecar,23067.0,149.0
427,428,Sidecar,42815.0,193.0
428,429,Sidecar,125245.0,294.0
429,430,Sidecar,1702.0,57.0
430,431,Sidecar,157124.0,352.0
431,432,Sidecar,1007.0,10.0
432,433,Sidecar,6563.0,259.0
433,434,Sidecar,860.0,50.0
434,435,Sidecar,38466.0,195.0
435,436,Sidecar,945.0,16.0
436,437,Sidecar,411.0,3.0
437,438,Sidecar,1260.0,15.0
438,439,Sidecar,567.0,18.0
439,440,Sidecar,4457.0,24.0
440,441,Sidecar,514.0,11.0
441,442,Sidecar,462.0,9.0
442,443,Sidecar,331.0,4.0
443,444,Sidecar,455.0,23.0
444,445,Sidecar,3935.0,104.0
445,446,Sidecar,1383.0,30.0
446,447,Sidecar,325.0,25.0
447,448,Sidecar,1411.0,65.0
448,449,Sidecar,4589.0,122.0
449,450,Sidecar,2867.0,4.0
450,451,Sidecar,995.0,19.0
451,452,Sidecar,8953.0,48.0
452,453,Sidecar,10637.0,62.0
453,454,Sidecar,1551.0,7.0
454,455,Sidecar,2691.0,16.0
455,456,Sidecar,14029.0,66.0
456,457,Sidecar,1968.0,13.0
457,458,Sidecar,11572.0,48.0
458,459,Sidecar,3382.0,14.0
459,460,Sidecar,1652.0,15.0
460,461,Sidecar,3182206.0,12206.0
461,462,Sidecar,339.0,5.0
462,463,Sidecar,297.0,3.0
463,464,Sidecar,317.0,2.0
464,465,Sidecar,440.0,0.0
465,466,Sidecar,608.0,0.0
466,467,Sidecar,861.0,1.0
467,468,Sidecar,159.0,0.0
468,469,Sidecar,5758761.0,11574.0
469,470,Sidecar,1172.0,1.0
470,471,Sidecar,6135.0,14.0
471,472,Sidecar,6207794.0,0.0
472,473,Sidecar,5860477.0,0.0
473,474,Sidecar,5813265.0,0.0
474,475,Sidecar,6771062.0,0.0
475,476,Sidecar,5391.0,12.0
476,477,Sidecar,8402240.0,0.0
477,478,Sidecar,2111.0,38.0
478,479,Sidecar,8861786.0,23682.0
479,480,Sidecar,9535676.0,0.0
480,481,Sidecar,7244060.0,24823.0
481,482,Sidecar,721.0,4.0
482,483,Sidecar,4911333.0,32121.0
483,484,Sidecar,9539441.0,36821.0
484,485,Sidecar,7533443.0,23976.0
485,486,Sidecar,2950.0,35.0
486,487,Sidecar,854.0,22.0
487,488,Sidecar,1644.0,17.0
488,489,Sidecar,10963524.0,24262.0
489,490,Sidecar,1922.0,18.0
490,491,Sidecar,3130.0,42.0
491,492,Sidecar,1475.0,22.0
492,493,Sidecar,5734.0,117.0
493,494,Sidecar,5557.0,33.0
494,495,Sidecar,900.0,7.0
495,496,Sidecar,51736.0,149.0
496,497,Sidecar,4244.0,49.0
497,498,Sidecar,540.0,8.0
498,499,Sidecar,412.0,5.0
499,500,Sidecar,6700152.0,0.0
500,501,Sidecar,123.0,0.0
501,502,Sidecar,5967383.0,0.0
502,503,Sidecar,670.0,75.0
503,504,Sidecar,1016.0,24.0
504,505,Sidecar,81.0,1.0
505,506,Sidecar,248.0,1.0
506,507,Sidecar,138.0,3.0
507,508,Sidecar,273.0,117.0
508,509,Sidecar,102.0,10.0
509,510,Sidecar,207.0,3.0
510,511,Sidecar,698752.0,9193.0
511,512,Sidecar,127686.0,312.0
512,513,Sidecar,238804.0,402.0
513,514,Sidecar,130145.0,284.0
514,515,Sidecar,310627.0,662.0
515,516,Sidecar,76189.0,242.0
516,517,Sidecar,76.0,3.0
517,518,Sidecar,157.0,5.0
518,519,Sidecar,3910922.0,7083.0
519,520,Sidecar,839.0,14.0
520,521,Sidecar,558.0,5.0
521,522,Sidecar,1921.0,9.0
522,523,Sidecar,1137.0,32.0
523,524,Sidecar,4492716.0,0.0
524,525,Sidecar,75.0,1.0
525,526,Sidecar,1144.0,13.0
526,527,Sidecar,888.0,25.0
527,528,Sidecar,28.0,0.0
528,529,Sidecar,1886.0,6.0
529,530,Sidecar,2619.0,29.0
530,531,Sidecar,15.0,1.0
531,532,Sidecar,25063.0,134.0
532,533,Sidecar,33901.0,137.0
533,534,Sidecar,22451.0,96.0
534,535,Sidecar,224.0,13.0
535,536,Sidecar,32099.0,301.0
536,537,Sidecar,1332.0,19.0
537,538,Sidecar,31340.0,177.0
538,539,Sidecar,78620.0,266.0
539,540,Sidecar,84690.0,203.0
540,541,Sidecar,3516.0,97.0
541,542,Sidecar,4739.0,80.0
542,543,Sidecar,42590.0,156.0
543,544,Sidecar,597.0,3.0
544,545,Sidecar,2088.0,29.0
545,546,Sidecar,1995.0,69.0
546,547,Sidecar,26239.0,82.0
547,548,Sidecar,812.0,27.0
548,549,Sidecar,4658051.0,39562.0
549,550,Sidecar,7610.0,40.0
550,551,Sidecar,1409.0,46.0
551,552,Sidecar,4974.0,8.0
552,553,Sidecar,752.0,11.0
553,554,Sidecar,4166577.0,27485.0
554,555,Sidecar,2719.0,42.0
555,556,Sidecar,6415828.0,83042.0
556,557,Sidecar,4481353.0,29151.0
557,558,Sidecar,36482.0,166.0
558,559,Sidecar,125.0,0.0
559,560,Sidecar,1842.0,16.0
560,561,Sidecar,3531.0,21.0
561,562,Sidecar,32677.0,199.0
562,563,Sidecar,288.0,0.0
563,564,Sidecar,259.0,0.0
564,565,Sidecar,2716.0,32.0
565,566,Sidecar,15068.0,73.0
566,567,Sidecar,3718.0,25.0
567,568,Sidecar,881.0,3.0
568,569,Sidecar,18469.0,57.0
569,570,Sidecar,2756.0,23.0
570,571,Sidecar,2183.0,24.0
571,572,Sidecar,1707.0,24.0
572,573,Sidecar,710.0,18.0
573,574,Sidecar,1586.0,15.0
574,575,Sidecar,374.0,0.0
575,576,Sidecar,464.0,1.0
576,577,Sidecar,136.0,0.0
577,578,Sidecar,4314715.0,8273.0
578,579,Sidecar,64023.0,177.0
579,580,Sidecar,5090976.0,10618.0
580,581,Sidecar,9528960.0,18429.0
581,582,Sidecar,5970056.0,14355.0
582,583,Sidecar,42797.0,481.0
583,584,Sidecar,10633517.0,30201.0
584,585,Sidecar,5917917.0,10095.0
585,586,Sidecar,774.0,7.0
586,587,Sidecar,2541.0,6.0
587,588,Sidecar,1309.0,6.0
588,589,Sidecar,844.0,9.0
589,590,Sidecar,5072.0,27.0
590,591,Sidecar,2004.0,18.0
591,592,Sidecar,1379.0,13.0
592,593,Sidecar,4496011.0,10272.0
593,594,Sidecar,465.0,4.0
594,595,Sidecar,1260.0,11.0
595,596,Sidecar,2115.0,11.0
596,597,Sidecar,235.0,0.0
597,598,Sidecar,2227.0,14.0
598,599,Sidecar,2578.0,45.0
599,600,Sidecar,216.0,2.0
600,601,Sidecar,24351.0,75.0
601,602,Sidecar,2867.0,21.0
602,603,Sidecar,341.0,8.0
603,604,Sidecar,1011.0,12.0
604,605,Sidecar,398.0,8.0
605,606,Sidecar,862.0,67.0
606,607,Sidecar,52170.0,209.0
607,608,Sidecar,483.0,10.0
608,609,Sidecar,9598.0,30.0
609,610,Sidecar,192271.0,586.0
610,611,Sidecar,236.0,2.0
611,612,Sidecar,1684.0,16.0
612,613,Sidecar,607.0,13.0
613,614,Sidecar,3545.0,66.0
614,615,Sidecar,40523.0,159.0
615,616,Sidecar,29681.0,174.0
616,617,Sidecar,787.0,3.0
617,618,Sidecar,2725.0,94.0
618,619,Sidecar,785.0,0.0
619,620,Sidecar,47122.0,226.0
620,621,Sidecar,56649.0,146.0
621,622,Sidecar,36816.0,258.0
622,623,Sidecar,2190.0,46.0
623,624,Sidecar,741.0,17.0
624,625,Sidecar,42229.0,314.0
625,626,Sidecar,3569.0,133.0
626,627,Sidecar,1139.0,25.0
627,628,Sidecar,721.0,17.0
628,629,Sidecar,1433.0,62.0
629,630,Sidecar,29709.0,122.0
630,631,Sidecar,790.0,32.0
631,632,Sidecar,507.0,5.0
632,633,Sidecar,464.0,8.0
633,634,Sidecar,14369.0,40.0
634,635,Sidecar,1764.0,10.0
635,636,Sidecar,12541.0,34.0
636,637,Sidecar,4147912.0,22310.0
637,638,Sidecar,14242.0,54.0
638,639,Sidecar,4433321.0,44984.0
639,640,Sidecar,2679.0,25.0
640,641,Sidecar,27420.0,88.0
641,642,Sidecar,1320.0,17.0
642,643,Sidecar,3714902.0,28791.0
643,644,Sidecar,53214.0,185.0
644,645,Sidecar,8756.0,34.0
645,646,Sidecar,9660689.0,22249.0
646,647,Sidecar,666.0,14.0
647,648,Sidecar,12058900.0,24938.0
648,649,Sidecar,1917.0,2.0
649,650,Sidecar,4130.0,18.0
650,651,Sidecar,45642.0,219.0
651,652,Sidecar,13825519.0,19950.0
652,653,Sidecar,4765.0,22.0
653,654,Sidecar,801.0,15.0
654,655,Sidecar,441.0,27.0
655,656,Sidecar,4261.0,3.0
656,657,Sidecar,116.0,5.0
657,658,Sidecar,3097.0,52.0
658,659,Sidecar,1392.0,2.0
659,660,Sidecar,3555.0,35.0
660,661,Sidecar,1873.0,12.0
661,662,Sidecar,218237.0,430.0
662,663,Sidecar,14184.0,102.0
663,664,Sidecar,12476.0,34.0
664,665,Sidecar,1864.0,26.0
665,666,Sidecar,10073.0,97.0
666,667,Sidecar,938672.0,1642.0
667,668,Sidecar,22745.0,35.0
668,669,Sidecar,123446.0,360.0
669,670,Sidecar,11907.0,45.0
670,671,Sidecar,12214.0,54.0
671,672,Sidecar,34533.0,104.0
672,673,Sidecar,34589.0,279.0
673,674,Sidecar,2886.0,9.0
674,675,Sidecar,36308.0,137.0
675,676,Sidecar,16271.0,107.0
676,677,Sidecar,32624.0,287.0
677,678,Sidecar,30136.0,160.0
678,679,Sidecar,18767.0,70.0
679,680,Sidecar,32320.0,159.0
680,681,Sidecar,9229231.0,20272.0
681,682,Sidecar,331719.0,649.0
682,683,Sidecar,4861471.0,4847.0
683,684,Sidecar,26252.0,174.0
684,685,Sidecar,1188.0,17.0
685,686,Sidecar,97585.0,246.0
686,687,Sidecar,1432.0,14.0
687,688,Sidecar,13725.0,61.0
688,689,Sidecar,33947.0,309.0
689,690,Sidecar,688.0,15.0
690,691,Sidecar,1820.0,18.0
691,692,Sidecar,16633.0,77.0
692,693,Sidecar,2168.0,43.0
693,694,Sidecar,1248.0,14.0
694,695,Sidecar,2003.0,15.0
695,696,Sidecar,236.0,10.0
696,697,Sidecar,21109.0,79.0
697,698,Sidecar,27456.0,81.0
698,699,Sidecar,2367.0,16.0
699,700,Sidecar,1672.0,25.0
700,701,Sidecar,4900.0,43.0
701,702,Sidecar,3541.0,26.0
702,703,Sidecar,10701.0,66.0
703,704,Sidecar,245.0,6.0
704,705,Sidecar,1014.0,16.0
705,706,Sidecar,1854.0,32.0
706,707,Sidecar,3278330.0,0.0
707,708,Sidecar,1064.0,32.0
708,709,Sidecar,218.0,9.0
709,710,Sidecar,622.0,8.0
710,711,Sidecar,1082.0,35.0
711,712,Sidecar,3281.0,31.0
712,713,Sidecar,3513.0,31.0
713,714,Sidecar,1142.0,11.0
714,715,Sidecar,537.0,8.0
715,716,Sidecar,7182.0,17.0
716,717,Sidecar,1880.0,22.0
717,718,Sidecar,27608.0,193.0
718,719,Sidecar,166938.0,271.0
719,720,Sidecar,3556687.0,0.0
720,721,Sidecar,4668966.0,0.0
721,722,Sidecar,5977526.0,0.0
722,723,Sidecar,72969.0,197.0
723,724,Sidecar,5084480.0,0.0
724,725,Sidecar,167.0,3.0
725,726,Sidecar,3977768.0,0.0
726,727,Sidecar,321.0,13.0
727,728,Sidecar,326.0,7.0
728,729,Sidecar,3114.0,4.0
729,730,Sidecar,319.0,4.0
730,731,Sidecar,1075.0,84.0
731,732,Sidecar,242.0,4.0
732,733,Sidecar,305.0,3.0
733,734,Sidecar,200.0,3.0
734,735,Sidecar,1922.0,6.0
735,736,Sidecar,1121.0,4.0
736,737,Sidecar,214.0,1.0
737,738,Sidecar,218.0,0.0
738,739,Sidecar,820.0,3.0
739,740,Sidecar,812.0,1.0
740,741,Sidecar,786.0,14.0
741,742,Sidecar,1088.0,15.0
742,743,Sidecar,31962.0,167.0
743,744,Sidecar,294.0,0.0
744,745,Sidecar,1391.0,2.0
745,746,Sidecar,1915.0,16.0
746,747,Sidecar,31287.0,243.0
747,748,Sidecar,6170.0,54.0
748,749,Sidecar,64286.0,218.0
749,750,Sidecar,1895.0,5.0
750,751,Sidecar,866.0,13.0
751,752,Sidecar,492.0,3.0
752,753,Sidecar,9782.0,26.0
753,754,Sidecar,3504.0,12.0
754,755,Sidecar,294.0,0.0
755,756,Sidecar,965.0,31.0
756,757,Sidecar,2144.0,28.0
757,758,Sidecar,544.0,3.0
758,759,Sidecar,7542.0,36.0
759,760,Sidecar,772.0,3.0
760,761,Sidecar,1147.0,13.0
761,762,Sidecar,1502.0,15.0
762,763,Sidecar,801.0,5.0
763,764,Sidecar,667.0,9.0
764,765,Sidecar,575.0,2.0
765,766,Sidecar,21955.0,42.0
766,767,Sidecar,15118.0,43.0
767,768,Sidecar,2255.0,15.0
768,769,Sidecar,26962.0,179.0
769,770,Sidecar,2913.0,26.0
770,771,Sidecar,56076.0,261.0
771,772,Sidecar,1174.0,29.0
772,773,Sidecar,148.0,3.0
773,774,Sidecar,5975.0,234.0
774,775,Sidecar,3129.0,22.0
775,776,Sidecar,713.0,9.0
776,777,Sidecar,19928.0,36.0
777,778,Sidecar,172.0,3.0
778,779,Sidecar,29546.0,233.0
779,780,Sidecar,501.0,13.0
780,781,Sidecar,307.0,21.0
781,782,Sidecar,901.0,18.0
782,783,Sidecar,40.0,1.0
783,784,Sidecar,99.0,3.0
784,785,Sidecar,43.0,0.0
785,786,Sidecar,8194287.0,0.0
786,787,Sidecar,180.0,7.0
787,788,Sidecar,37253.0,285.0
788,789,Sidecar,37.0,0.0
789,790,Sidecar,282.0,13.0
790,791,Sidecar,47.0,0.0
791,792,Sidecar,55.0,1.0
792,793,Sidecar,141.0,1.0
793,794,Sidecar,61069.0,274.0
794,795,Sidecar,36.0,1.0
795,796,Sidecar,123.0,0.0
796,797,Sidecar,49.0,2.0
797,798,Sidecar,95.0,2.0
798,799,Sidecar,54.0,1.0
799,800,Sidecar,41.0,0.0
800,801,Sidecar,20110.0,103.0
801,802,Sidecar,47.0,1.0
802,803,Sidecar,466.0,8.0
803,804,Sidecar,1129.0,26.0
804,805,Sidecar,96.0,1.0
805,806,Sidecar,900.0,9.0
806,807,Sidecar,49334.0,185.0
807,808,Sidecar,39.0,0.0
808,809,Sidecar,4801.0,124.0
809,810,Sidecar,710.0,7.0
810,811,Sidecar,453.0,2.0
811,812,Sidecar,248.0,3.0
812,813,Sidecar,57.0,1.0
813,814,Sidecar,1561.0,26.0
814,815,Sidecar,423.0,3.0
815,816,Sidecar,575.0,3.0
816,817,Sidecar,132.0,3.0
817,818,Sidecar,267.0,2.0
818,819,Sidecar,238.0,2.0
819,820,Sidecar,35.0,0.0
820,821,Sidecar,8761243.0,9924.0
821,822,Sidecar,644.0,2.0
822,823,Sidecar,269.0,1.0
823,824,Sidecar,37544.0,219.0
824,825,Sidecar,92098.0,377.0
825,826,Sidecar,3362.0,6.0
826,827,Sidecar,1515.0,19.0
